,Purchase_Likelihood
0,1
1,1
2,0
3,1
4,0
5,1
6,1
7,1
8,1
9,1
10,1
11,1
12,1
13,1
14,0
15,1
16,1
17,1
18,1
19,1
20,1
21,1
22,1
23,0
24,1
25,1
26,1
27,0
28,1
29,1
30,1
31,1
32,1
33,1
34,1
35,1
36,1
37,1
38,0
39,1
40,1
41,1
42,1
43,0
44,1
45,1
46,0
47,0
48,1
49,1
50,1
51,0
52,1
53,1
54,1
55,1
56,1
57,1
58,1
59,1
60,0
61,1
62,0
63,1
64,0
65,0
66,0
67,1
68,1
69,1
70,1
71,1
72,1
73,0
74,1
75,1
76,1
77,0
78,0
79,1
80,1
81,1
82,1
83,0
84,1
85,1
86,1
87,1
88,0
89,1
90,0
91,1
92,0
93,1
94,1
95,0
96,1
97,0
98,0
99,0
100,0
101,1
102,1
103,1
104,1
105,1
106,1
107,1
108,1
109,0
110,0
111,1
112,1
113,0
114,1
115,1
116,1
117,0
118,1
119,1
120,1
121,1
122,0
123,1
124,0
125,1
126,0
127,0
128,1
129,1
130,0
131,0
132,1
133,1
134,1
135,1
136,1
137,1
138,1
139,1
140,1
141,1
142,0
143,1
144,1
145,1
146,1
147,0
148,1
149,1
150,1
151,1
152,1
153,0
154,1
155,1
156,1
157,1
158,0
159,1
160,1
161,0
162,0
163,1
164,1
165,1
166,0
167,1
168,1
169,1
170,1
171,1
172,1
173,1
174,1
175,1
176,1
177,1
178,0
179,0
180,1
181,0
182,1
183,1
184,1
185,0
186,0
187,1
188,0
189,1
190,0
191,0
192,1
193,0
194,1
195,1
196,1
197,1
198,1
199,0
200,1
201,1
202,1
203,1
204,1
205,1
206,1
207,1
208,0
209,0
210,1
211,1
212,0
213,1
214,0
215,0
216,1
217,1
218,1
219,0
220,1
221,0
222,1
223,1
224,1
225,1
226,0
227,1
228,1
229,1
230,0
231,0
232,0
233,1
234,0
235,1
236,1
237,0
238,0
239,1
240,1
241,0
242,1
243,1
244,0
245,0
246,0
247,1
248,1
249,0
250,1
251,1
252,0
253,1
254,1
255,1
256,0
257,0
258,1
259,0
260,1
261,0
262,1
263,1
264,0
265,0
266,1
267,1
268,0
269,0
270,1
271,0
272,0
273,1
274,1
275,0
276,1
277,1
278,1
279,1
280,0
281,1
282,0
283,0
284,1
285,1
286,1
287,1
288,1
289,0
290,0
291,0
292,1
293,1
294,1
295,1
296,1
297,1
298,1
299,1
300,1
301,1
302,1
303,1
304,1
305,1
306,0
307,1
308,1
309,1
310,1
311,1
312,1
313,1
314,1
315,0
316,0
317,1
318,1
319,1
320,1
321,0
322,1
323,1
324,0
325,1
326,1
327,1
328,0
329,0
330,1
331,1
332,1
333,1
334,1
335,0
336,1
337,0
338,0
339,1
340,0
341,0
342,1
343,1
344,1
345,1
346,1
347,1
348,1
349,0
350,1
351,0
352,1
353,1
354,1
355,1
356,1
357,1
358,0
359,1
360,0
361,1
362,1
363,0
364,1
365,1
366,1
367,1
368,0
369,1
370,1
371,1
372,1
373,0
374,1
375,1
376,1
377,1
378,1
379,0
380,0
381,1
382,1
383,1
384,1
385,1
386,1
387,1
388,1
389,1
390,1
391,0
392,0
393,1
394,0
395,0
396,1
397,0
398,1
399,0
400,1
401,1
402,1
403,1
404,1
405,1
406,1
407,1
408,0
409,1
410,1
411,1
412,1
413,1
414,1
415,1
416,1
417,1
418,0
419,1
420,1
421,1
422,1
423,1
424,1
425,1
426,1
427,1
428,1
429,1
430,0
431,0
432,0
433,1
434,0
435,0
436,1
437,1
438,1
439,1
440,1
441,1
442,0
443,1
444,1
445,1
446,1
447,0
448,0
449,0
450,0
451,1
452,1
453,1
454,1
455,0
456,1
457,1
458,1
459,1
460,1
461,1
462,0
463,1
464,1
465,1
466,0
467,1
468,1
469,1
470,1
471,1
472,1
473,0
474,1
475,0
476,0
477,1
478,1
479,1
480,1
481,1
482,0
483,1
484,1
485,0
486,1
487,1
488,1
489,0
490,0
491,0
492,0
493,1
494,0
495,1
496,0
497,1
498,1
499,1
500,0
501,0
502,1
503,1
504,0
505,1
506,1
507,1
508,1
509,0
510,1
511,0
512,1
513,0
514,1
515,1
516,1
517,1
518,0
519,1
520,0
521,1
522,1
523,1
524,0
525,0
526,1
527,1
528,1
529,1
530,0
531,1
532,1
533,1
534,0
535,1
536,1
537,0
538,1
539,1
540,0
541,1
542,0
543,1
544,1
545,1
546,1
547,1
548,1
549,0
550,0
551,1
552,0
553,0
554,1
555,1
556,1
557,1
558,1
559,1
560,1
561,1
562,0
563,0
564,1
565,0
566,0
567,1
568,0
569,1
570,1
571,0
572,1
573,1
574,1
575,0
576,1
577,1
578,1
579,0
580,1
581,1
582,1
583,0
584,0
585,0
586,1
587,0
588,0
589,0
590,1
591,1
592,0
593,0
594,0
595,1
596,1
597,1
598,0
599,0
600,1
601,0
602,1
603,1
604,0
605,1
606,0
607,1
608,1
609,1
610,0
611,1
612,1
613,0
614,1
615,0
616,1
617,1
618,1
619,1
620,1
621,1
622,1
623,0
624,1
625,1
626,1
627,0
628,1
629,1
630,1
631,1
632,1
633,1
634,1
635,0
636,0
637,1
638,1
639,1
640,1
641,0
642,1
643,1
644,1
645,1
646,1
647,1
648,0
649,1
650,1
651,1
652,1
653,0
654,1
655,0
656,0
657,1
658,1
659,1
660,0
661,0
662,1
663,1
664,1
665,0
666,1
667,1
668,1
669,1
670,1
671,1
672,1
673,1
674,1
675,1
676,1
677,1
678,0
679,1
680,1
681,1
682,1
683,1
684,1
685,1
686,1
687,1
688,1
689,1
690,1
691,0
692,0
693,1
694,0
695,0
696,1
697,0
698,1
699,1
700,1
701,1
702,1
703,1
704,1
705,1
706,1
707,1
708,1
709,0
710,1
711,1
712,1
713,1
714,1
715,0
716,0
717,0
718,0
719,1
720,1
721,1
722,1
723,1
724,0
725,1
726,1
727,1
728,1
729,0
730,1
731,0
732,1
733,1
734,1
735,0
736,0
737,1
738,1
739,1
740,0
741,0
742,1
743,1
744,0
745,0
746,1
747,0
748,1
749,0
750,0
751,1
752,1
753,0
754,1
755,0
756,1
757,0
758,0
759,1
760,0
761,1
762,0
763,1
764,1
765,0
766,1
767,1
768,1
769,0
770,1
771,1
772,0
773,1
774,1
775,1
776,1
777,0
778,1
779,1
780,1
781,1
782,0
783,0
784,1
785,1
786,1
787,1
788,0
789,0
790,1
791,1
792,0
793,1
794,1
795,0
796,0
797,1
798,1
799,0
800,0
801,0
802,1
803,1
804,1
805,1
806,0
807,0
808,1
809,1
810,1
811,1
812,1
813,1
814,0
815,1
816,1
817,0
818,0
819,1
820,1
821,1
822,1
823,1
824,1
825,1
826,0
827,1
828,1
829,1
830,0
831,0
832,1
833,1
834,1
835,1
836,1
837,1
838,1
839,1
840,1
841,0
842,1
843,1
844,0
845,1
846,0
847,1
848,0
849,1
850,0
851,1
852,1
853,1
854,1
855,0
856,1
857,1
858,0
859,0
860,1
861,0
862,1
863,1
864,1
865,0
866,0
867,1
868,1
869,1
870,0
871,1
872,0
873,0
874,1
875,1
876,1
877,1
878,1
879,0
880,0
881,1
882,0
883,1
884,1
885,0
886,0
887,1
888,1
889,1
890,1
891,1
892,1
893,0
894,1
895,1
896,1
897,1
898,0
899,1
900,1
901,1
902,0
903,0
904,0
905,1
906,0
907,1
908,0
909,1
910,1
911,1
912,1
913,1
914,1
915,1
916,1
917,0
918,1
919,1
920,0
921,1
922,1
923,0
924,1
925,1
926,1
927,1
928,1
929,1
930,1
931,0
932,1
933,1
934,1
935,1
936,0
937,1
938,1
939,0
940,0
941,1
942,1
943,0
944,1
945,1
946,1
947,1
948,1
949,0
950,1
951,0
952,1
953,1
954,0
955,1
956,1
957,0
958,1
959,1
960,1
961,0
962,1
963,0
964,1
965,1
966,1
967,0
968,1
969,1
970,1
971,1
972,1
973,1
974,1
975,1
976,1
977,1
978,1
979,1
980,0
981,1
982,1
983,0
984,0
985,1
986,1
987,1
988,1
989,1
990,1
991,1
992,1
993,1
994,0
995,1
996,0
997,1
998,1
999,1
1000,1
1001,0
1002,1
1003,1
1004,0
1005,1
1006,1
1007,1
1008,1
1009,1
1010,1
1011,1
1012,1
1013,1
1014,1
1015,0
1016,1
1017,1
1018,1
1019,1
1020,1
1021,0
1022,1
1023,1
1024,1
1025,0
1026,0
1027,1
1028,1
1029,1
1030,1
1031,0
1032,1
1033,1
1034,1
1035,1
1036,1
1037,1
1038,1
1039,1
1040,0
1041,1
1042,1
1043,1
1044,1
1045,0
1046,1
1047,1
1048,1
1049,1
1050,1
1051,1
1052,0
1053,0
1054,1
1055,1
1056,1
1057,1
1058,0
1059,1
1060,1
1061,1
1062,1
1063,0
1064,0
1065,0
1066,1
1067,0
1068,1
1069,1
1070,1
1071,1
1072,1
1073,0
1074,1
1075,1
1076,0
1077,0
1078,1
1079,0
1080,1
1081,1
1082,0
1083,1
1084,1
1085,1
1086,1
1087,0
1088,0
1089,0
1090,1
1091,1
1092,0
1093,1
1094,0
1095,1
1096,1
1097,1
1098,1
1099,1
1100,1
1101,1
1102,0
1103,1
1104,1
1105,0
1106,0
1107,1
1108,1
1109,1
1110,1
1111,1
1112,1
1113,1
1114,1
1115,1
1116,1
1117,1
1118,0
1119,0
1120,1
1121,0
1122,1
1123,1
1124,0
1125,0
1126,0
1127,1
1128,1
1129,0
1130,1
1131,1
1132,0
1133,0
1134,1
1135,1
1136,0
1137,1
1138,1
1139,0
1140,1
1141,1
1142,1
1143,1
1144,1
1145,1
1146,0
1147,0
1148,0
1149,1
1150,1
1151,1
1152,1
1153,1
1154,1
1155,1
1156,0
1157,1
1158,0
1159,1
1160,1
1161,1
1162,0
1163,0
1164,0
1165,1
1166,1
1167,1
1168,0
1169,0
1170,0
1171,1
1172,0
1173,1
1174,1
1175,1
1176,1
1177,0
1178,1
1179,1
1180,0
1181,1
1182,0
1183,0
1184,1
1185,1
1186,1
1187,1
1188,1
1189,1
1190,1
1191,1
1192,1
1193,1
1194,1
1195,1
1196,1
1197,1
1198,0
1199,1
1200,1
1201,1
1202,1
1203,1
1204,1
1205,1
1206,1
1207,0
1208,1
1209,1
1210,1
1211,1
1212,1
1213,0
1214,1
1215,0
1216,1
1217,1
1218,1
1219,1
1220,1
1221,1
1222,0
1223,0
1224,0
1225,1
1226,1
1227,1
1228,1
1229,1
1230,0
1231,1
1232,0
1233,0
1234,1
1235,1
1236,1
1237,0
1238,1
1239,1
1240,1
1241,0
1242,1
1243,1
1244,1
1245,0
1246,0
1247,1
1248,1
1249,1
1250,0
1251,1
1252,1
1253,1
1254,1
1255,0
1256,1
1257,1
1258,1
1259,0
1260,0
1261,1
1262,1
1263,0
1264,0
1265,0
1266,0
1267,1
1268,1
1269,0
1270,1
1271,1
1272,0
1273,1
1274,0
1275,1
1276,0
1277,0
1278,0
1279,1
1280,0
1281,0
1282,1
1283,1
1284,1
1285,1
1286,1
1287,1
1288,1
1289,1
1290,1
1291,0
1292,0
1293,0
1294,0
1295,0
1296,1
1297,1
1298,0
1299,0
1300,1
1301,1
1302,1
1303,0
1304,1
1305,0
1306,1
1307,0
1308,1
1309,1
1310,1
1311,1
1312,0
1313,0
1314,1
1315,1
1316,1
1317,1
1318,1
1319,1
1320,0
1321,0
1322,1
1323,1
1324,1
1325,0
1326,1
1327,1
1328,1
1329,1
1330,1
1331,0
1332,0
1333,0
1334,0
1335,1
1336,1
1337,1
1338,1
1339,1
1340,1
1341,0
1342,1
1343,0
1344,0
1345,1
1346,0
1347,0
1348,1
1349,1
1350,0
1351,1
1352,1
1353,1
1354,1
1355,1
1356,1
1357,1
1358,1
1359,0
1360,1
1361,1
1362,0
1363,1
1364,1
1365,1
1366,0
1367,1
1368,0
1369,0
1370,1
1371,0
1372,0
1373,1
1374,1
1375,1
1376,1
1377,1
1378,1
1379,0
1380,0
1381,1
1382,1
1383,0
1384,1
1385,1
1386,1
1387,1
1388,1
1389,1
1390,0
1391,1
1392,1
1393,1
1394,1
1395,1
1396,1
1397,0
1398,1
1399,1
1400,1
1401,1
1402,1
1403,1
1404,1
1405,0
1406,1
1407,1
1408,0
1409,1
1410,1
1411,1
1412,1
1413,1
1414,1
1415,1
1416,1
1417,0
1418,1
1419,1
1420,1
1421,1
1422,0
1423,0
1424,1
1425,0
1426,1
1427,1
1428,1
1429,1
1430,1
1431,0
1432,1
1433,1
1434,0
1435,1
1436,0
1437,1
1438,1
1439,0
1440,1
1441,0
1442,1
1443,0
1444,1
1445,1
1446,0
1447,1
1448,1
1449,1
1450,1
1451,1
1452,1
1453,1
1454,0
1455,1
1456,1
1457,1
1458,1
1459,1
1460,1
1461,0
1462,1
1463,1
1464,1
1465,1
1466,1
1467,1
1468,1
1469,1
1470,1
1471,1
1472,1
1473,1
1474,1
1475,0
1476,1
1477,0
1478,1
1479,1
1480,1
1481,0
1482,1
1483,1
1484,0
1485,1
1486,1
1487,1
1488,0
1489,1
1490,0
1491,0
1492,1
1493,0
1494,1
1495,1
1496,0
1497,1
1498,1
1499,1
1500,1
1501,0
1502,0
1503,1
1504,0
1505,1
1506,1
1507,1
1508,0
1509,1
1510,1
1511,1
1512,0
1513,1
1514,1
1515,1
1516,0
1517,0
1518,1
1519,0
1520,1
1521,1
1522,0
1523,0
1524,1
1525,1
1526,1
1527,0
1528,1
1529,0
1530,0
1531,0
1532,1
1533,1
1534,1
1535,0
1536,0
1537,1
1538,1
1539,1
1540,1
1541,0
1542,1
1543,1
1544,1
1545,0
1546,1
1547,0
1548,1
1549,0
1550,1
1551,1
1552,0
1553,1
1554,0
1555,0
1556,1
1557,1
1558,1
1559,0
1560,1
1561,1
1562,0
1563,1
1564,0
1565,0
1566,1
1567,1
1568,1
1569,0
1570,1
1571,0
1572,1
1573,1
1574,1
1575,0
1576,1
1577,1
1578,1
1579,1
1580,1
1581,1
1582,1
1583,1
1584,0
1585,1
1586,0
1587,1
1588,1
1589,1
1590,0
1591,0
1592,0
1593,1
1594,1
1595,1
1596,1
1597,1
1598,1
1599,1
1600,1
1601,1
1602,1
1603,1
1604,1
1605,1
1606,1
1607,1
1608,1
1609,0
1610,0
1611,1
1612,1
1613,0
1614,0
1615,0
1616,1
1617,1
1618,1
1619,1
1620,1
1621,1
1622,1
1623,1
1624,1
1625,0
1626,1
1627,1
1628,1
1629,1
1630,0
1631,1
1632,1
1633,0
1634,1
1635,0
1636,0
1637,0
1638,1
1639,1
1640,1
1641,1
1642,0
1643,1
1644,0
1645,1
1646,1
1647,1
1648,1
1649,1
1650,0
1651,0
1652,0
1653,1
1654,0
1655,1
1656,1
1657,0
1658,0
1659,1
1660,1
1661,1
1662,1
1663,1
1664,0
1665,0
1666,1
1667,0
1668,1
1669,1
1670,0
1671,1
1672,1
1673,1
1674,1
1675,1
1676,0
1677,1
1678,1
1679,1
1680,1
1681,1
1682,1
1683,1
1684,1
1685,1
1686,1
1687,1
1688,1
1689,1
1690,0
1691,1
1692,0
1693,1
1694,0
1695,1
1696,1
1697,1
1698,1
1699,1
1700,0
1701,1
1702,1
1703,1
1704,1
1705,1
1706,1
1707,1
1708,0
1709,1
1710,0
1711,1
1712,1
1713,0
1714,1
1715,1
1716,1
1717,1
1718,1
1719,1
1720,1
1721,1
1722,0
1723,1
1724,1
1725,1
1726,0
1727,1
1728,0
1729,0
1730,1
1731,1
1732,1
1733,1
1734,1
1735,0
1736,1
1737,1
1738,0
1739,1
1740,0
1741,0
1742,1
1743,1
1744,1
1745,1
1746,0
1747,0
1748,1
1749,1
1750,0
1751,1
1752,1
1753,0
1754,1
1755,1
1756,1
1757,0
1758,0
1759,1
1760,1
1761,1
1762,1
1763,1
1764,1
1765,1
1766,1
1767,1
1768,1
1769,1
1770,1
1771,0
1772,1
1773,1
1774,1
1775,1
1776,1
1777,0
1778,0
1779,1
1780,0
1781,0
1782,1
1783,1
1784,0
1785,1
1786,0
1787,1
1788,1
1789,0
1790,1
1791,1
1792,1
1793,0
1794,1
1795,1
1796,0
1797,1
1798,0
1799,0
1800,1
1801,1
1802,0
1803,1
1804,1
1805,0
1806,1
1807,0
1808,1
1809,1
1810,1
1811,0
1812,1
1813,1
1814,1
1815,1
1816,1
1817,1
1818,1
1819,1
1820,1
1821,1
1822,1
1823,0
1824,1
1825,1
1826,1
1827,1
1828,1
1829,1
1830,1
1831,0
1832,1
1833,0
1834,1
1835,0
1836,1
1837,1
1838,1
1839,1
1840,1
1841,1
1842,1
1843,0
1844,1
1845,1
1846,1
1847,0
1848,1
1849,0
1850,1
1851,1
1852,1
1853,0
1854,1
1855,1
1856,1
1857,1
1858,1
1859,1
1860,1
1861,1
1862,1
1863,1
1864,1
1865,0
1866,0
1867,0
1868,0
1869,1
1870,0
1871,0
1872,1
1873,1
1874,1
1875,1
1876,0
1877,1
1878,1
1879,0
1880,1
1881,1
1882,1
1883,0
1884,1
1885,0
1886,1
1887,1
1888,1
1889,1
1890,1
1891,1
1892,1
1893,1
1894,1
1895,1
1896,1
1897,0
1898,1
1899,1
1900,0
1901,1
1902,1
1903,1
1904,0
1905,1
1906,1
1907,1
1908,1
1909,0
1910,1
1911,0
1912,1
1913,0
1914,1
1915,1
1916,0
1917,1
1918,1
1919,0
1920,1
1921,0
1922,1
1923,0
1924,0
1925,1
1926,1
1927,1
1928,1
1929,1
1930,1
1931,0
1932,1
1933,0
1934,1
1935,1
1936,1
1937,1
1938,0
1939,1
1940,0
1941,1
1942,1
1943,1
1944,0
1945,1
1946,1
1947,1
1948,0
1949,1
1950,1
1951,1
1952,0
1953,0
1954,0
1955,1
1956,1
1957,1
1958,0
1959,1
1960,1
1961,1
1962,0
1963,0
1964,1
1965,1
1966,0
1967,0
1968,0
1969,0
1970,1
1971,1
1972,1
1973,1
1974,0
1975,1
1976,1
1977,1
1978,0
1979,1
1980,1
1981,1
1982,1
1983,1
1984,1
1985,1
1986,0
1987,1
1988,1
1989,1
1990,0
1991,1
1992,0
1993,1
1994,0
1995,1
1996,1
1997,1
1998,1
1999,0
2000,0
2001,1
2002,1
2003,1
2004,1
2005,1
2006,1
2007,0
2008,1
2009,1
2010,1
2011,1
2012,1
2013,1
2014,1
2015,0
2016,0
2017,1
2018,1
2019,0
2020,0
2021,1
2022,0
2023,0
2024,0
2025,0
2026,1
2027,0
2028,1
2029,0
2030,0
2031,1
2032,1
2033,1
2034,1
2035,0
2036,1
2037,1
2038,1
2039,1
2040,1
2041,0
2042,1
2043,1
2044,1
2045,0
2046,1
2047,0
2048,1
2049,1
2050,1
2051,0
2052,1
2053,0
2054,1
2055,1
2056,1
2057,1
2058,1
2059,1
2060,1
2061,1
2062,1
2063,1
2064,1
2065,0
2066,1
2067,1
2068,1
2069,1
2070,0
2071,1
2072,0
2073,1
2074,0
2075,1
2076,0
2077,0
2078,1
2079,1
2080,0
2081,1
2082,1
2083,0
2084,1
2085,0
2086,0
2087,1
2088,1
2089,1
2090,1
2091,1
2092,1
2093,1
2094,1
2095,1
2096,1
2097,0
2098,1
2099,1
2100,1
2101,1
2102,0
2103,1
2104,1
2105,1
2106,0
2107,0
2108,1
2109,1
2110,0
2111,1
2112,1
2113,0
2114,0
2115,1
2116,1
2117,1
2118,1
2119,1
2120,1
2121,1
2122,1
2123,1
2124,1
2125,1
2126,1
2127,1
2128,0
2129,0
2130,1
2131,1
2132,1
2133,1
2134,1
2135,1
2136,1
2137,0
2138,1
2139,1
2140,1
2141,0
2142,1
2143,1
2144,1
2145,1
2146,0
2147,1
2148,1
2149,1
2150,1
2151,0
2152,0
2153,0
2154,1
2155,1
2156,0
2157,1
2158,0
2159,0
2160,1
2161,0
2162,0
2163,1
2164,0
2165,0
2166,1
2167,1
2168,1
2169,0
2170,0
2171,1
2172,0
2173,1
2174,0
2175,1
2176,1
2177,1
2178,1
2179,1
2180,1
2181,1
2182,1
2183,1
2184,1
2185,1
2186,1
2187,1
2188,0
2189,1
2190,1
2191,1
2192,1
2193,1
2194,1
2195,1
2196,1
2197,1
2198,1
2199,1
2200,1
2201,0
2202,0
2203,1
2204,1
2205,1
2206,1
2207,1
2208,1
2209,1
2210,1
2211,1
2212,1
2213,1
2214,0
2215,1
2216,1
2217,1
2218,0
2219,1
2220,1
2221,1
2222,1
2223,1
2224,1
2225,0
2226,1
2227,0
2228,1
2229,1
2230,0
2231,1
2232,1
2233,1
2234,0
2235,0
2236,1
2237,1
2238,1
2239,1
2240,1
2241,1
2242,1
2243,0
2244,1
2245,1
2246,0
2247,1
2248,1
2249,0
2250,1
2251,1
2252,1
2253,1
2254,1
2255,1
2256,1
2257,1
2258,0
2259,1
2260,1
2261,1
2262,1
2263,1
2264,1
2265,0
2266,0
2267,1
2268,1
2269,1
2270,1
2271,1
2272,1
2273,0
2274,1
2275,0
2276,1
2277,0
2278,1
2279,1
2280,0
2281,1
2282,0
2283,1
2284,0
2285,1
2286,1
2287,1
2288,0
2289,0
2290,1
2291,1
2292,1
2293,1
2294,1
2295,1
2296,1
2297,0
2298,0
2299,0
2300,0
2301,0
2302,1
2303,0
2304,1
2305,1
2306,1
2307,1
2308,1
2309,1
2310,1
2311,1
2312,1
2313,0
2314,0
2315,1
2316,0
2317,1
2318,0
2319,0
2320,1
2321,1
2322,1
2323,1
2324,1
2325,1
2326,0
2327,1
2328,1
2329,0
2330,1
2331,1
2332,1
2333,1
2334,1
2335,0
2336,1
2337,1
2338,0
2339,1
2340,1
2341,1
2342,1
2343,1
2344,1
2345,1
2346,1
2347,0
2348,0
2349,1
2350,1
2351,0
2352,0
2353,1
2354,0
2355,1
2356,0
2357,1
2358,0
2359,0
2360,1
2361,1
2362,1
2363,1
2364,0
2365,0
2366,0
2367,0
2368,1
2369,0
2370,0
2371,0
2372,1
2373,0
2374,1
2375,1
2376,0
2377,1
2378,1
2379,1
2380,1
2381,1
2382,0
2383,1
2384,1
2385,0
2386,1
2387,1
2388,0
2389,0
2390,1
2391,0
2392,0
2393,0
2394,1
2395,0
2396,1
2397,1
2398,1
2399,0
2400,1
2401,0
2402,1
2403,1
2404,1
2405,1
2406,1
2407,1
2408,0
2409,0
2410,0
2411,1
2412,1
2413,1
2414,1
2415,0
2416,1
2417,1
2418,1
2419,1
2420,0
2421,1
2422,1
2423,1
2424,1
2425,1
2426,1
2427,1
2428,1
2429,0
2430,1
2431,1
2432,1
2433,1
2434,1
2435,0
2436,1
2437,0
2438,1
2439,1
2440,1
2441,0
2442,1
2443,1
2444,1
2445,0
2446,1
2447,0
2448,1
2449,1
2450,1
2451,1
2452,0
2453,1
2454,0
2455,1
2456,0
2457,1
2458,1
2459,1
2460,1
2461,1
2462,0
2463,1
2464,1
2465,0
2466,0
2467,1
2468,1
2469,1
2470,1
2471,1
2472,1
2473,1
2474,1
2475,0
2476,1
2477,1
2478,0
2479,1
2480,1
2481,0
2482,1
2483,1
2484,1
2485,1
2486,0
2487,1
2488,0
2489,0
2490,0
2491,1
2492,1
2493,1
2494,1
2495,1
2496,1
2497,0
2498,1
2499,0
2500,1
2501,1
2502,1
2503,1
2504,1
2505,1
2506,1
2507,1
2508,1
2509,1
2510,1
2511,0
2512,1
2513,0
2514,0
2515,1
2516,0
2517,1
2518,1
2519,1
2520,1
2521,0
2522,1
2523,1
2524,1
2525,0
2526,1
2527,1
2528,1
2529,1
2530,1
2531,1
2532,1
2533,0
2534,1
2535,0
2536,1
2537,0
2538,0
2539,1
2540,1
2541,1
2542,1
2543,0
2544,1
2545,1
2546,1
2547,1
2548,0
2549,1
2550,1
2551,1
2552,0
2553,0
2554,1
2555,0
2556,1
2557,1
2558,0
2559,1
2560,0
2561,1
2562,1
2563,0
2564,1
2565,0
2566,1
2567,1
2568,1
2569,1
2570,0
2571,0
2572,1
2573,1
2574,1
2575,1
2576,0
2577,0
2578,0
2579,1
2580,0
2581,1
2582,0
2583,0
2584,1
2585,0
2586,1
2587,1
2588,1
2589,1
2590,0
2591,1
2592,1
2593,1
2594,1
2595,1
2596,1
2597,0
2598,0
2599,0
2600,1
2601,1
2602,1
2603,0
2604,0
2605,1
2606,0
2607,1
2608,1
2609,0
2610,0
2611,1
2612,1
2613,1
2614,0
2615,1
2616,1
2617,0
2618,1
2619,0
2620,1
2621,1
2622,1
2623,1
2624,0
2625,1
2626,0
2627,0
2628,0
2629,1
2630,1
2631,1
2632,0
2633,1
2634,1
2635,1
2636,1
2637,0
2638,1
2639,0
2640,0
2641,1
2642,1
2643,1
2644,0
2645,1
2646,1
2647,0
2648,1
2649,1
2650,1
2651,0
2652,1
2653,1
2654,1
2655,1
2656,1
2657,0
2658,1
2659,1
2660,0
2661,0
2662,0
2663,1
2664,1
2665,1
2666,1
2667,0
2668,1
2669,1
2670,1
2671,1
2672,1
2673,1
2674,1
2675,1
2676,1
2677,0
2678,0
2679,0
2680,1
2681,0
2682,0
2683,0
2684,1
2685,1
2686,1
2687,0
2688,1
2689,1
2690,1
2691,1
2692,1
2693,1
2694,1
2695,0
2696,1
2697,1
2698,1
2699,0
2700,1
2701,0
2702,1
2703,1
2704,1
2705,1
2706,0
2707,1
2708,1
2709,1
2710,1
2711,0
2712,1
2713,1
2714,0
2715,1
2716,1
2717,0
2718,1
2719,0
2720,1
2721,1
2722,0
2723,0
2724,0
2725,1
2726,1
2727,0
2728,0
2729,0
2730,0
2731,0
2732,1
2733,1
2734,1
2735,1
2736,1
2737,0
2738,1
2739,1
2740,1
2741,0
2742,1
2743,1
2744,0
2745,0
2746,0
2747,1
2748,1
2749,1
2750,1
2751,0
2752,1
2753,1
2754,1
2755,0
2756,1
2757,1
2758,0
2759,0
2760,0
2761,1
2762,1
2763,1
2764,1
2765,1
2766,1
2767,1
2768,1
2769,1
2770,1
2771,1
2772,1
2773,1
2774,0
2775,0
2776,1
2777,1
2778,1
2779,1
2780,1
2781,1
2782,0
2783,0
2784,1
2785,1
2786,1
2787,1
2788,1
2789,0
2790,1
2791,0
2792,1
2793,0
2794,1
2795,1
2796,1
2797,1
2798,0
2799,1
2800,1
2801,1
2802,1
2803,1
2804,1
2805,1
2806,0
2807,1
2808,0
2809,1
2810,1
2811,1
2812,0
2813,0
2814,1
2815,0
2816,1
2817,0
2818,0
2819,0
2820,0
2821,1
2822,1
2823,1
2824,0
2825,1
2826,1
2827,1
2828,1
2829,1
2830,1
2831,1
2832,1
2833,1
2834,1
2835,1
2836,1
2837,1
2838,1
2839,1
2840,1
2841,0
2842,1
2843,1
2844,0
2845,0
2846,1
2847,0
2848,0
2849,1
2850,1
2851,1
2852,1
2853,1
2854,1
2855,1
2856,0
2857,1
2858,0
2859,1
2860,1
2861,1
2862,0
2863,1
2864,0
2865,1
2866,0
2867,0
2868,1
2869,1
2870,0
2871,1
2872,1
2873,0
2874,0
2875,1
2876,0
2877,1
2878,0
2879,0
2880,0
2881,1
2882,1
2883,0
2884,1
2885,1
2886,1
2887,1
2888,1
2889,0
2890,0
2891,1
2892,1
2893,1
2894,1
2895,1
2896,0
2897,1
2898,1
2899,1
2900,1
2901,0
2902,1
2903,1
2904,0
2905,1
2906,1
2907,0
2908,1
2909,1
2910,1
2911,1
2912,1
2913,1
2914,0
2915,1
2916,1
2917,0
2918,1
2919,1
2920,1
2921,1
2922,1
2923,1
2924,1
2925,1
2926,0
2927,1
2928,0
2929,1
2930,0
2931,1
2932,1
2933,1
2934,1
2935,1
2936,1
2937,1
2938,1
2939,1
2940,0
2941,1
2942,0
2943,1
2944,1
2945,1
2946,1
2947,1
2948,1
2949,1
2950,1
2951,1
2952,0
2953,1
2954,1
2955,0
2956,1
2957,1
2958,0
2959,0
2960,1
2961,1
2962,1
2963,0
2964,1
2965,1
2966,1
2967,1
2968,1
2969,0
2970,1
2971,0
2972,1
2973,1
2974,1
2975,0
2976,1
2977,1
2978,1
2979,0
2980,1
2981,1
2982,1
2983,1
2984,1
2985,1
2986,1
2987,0
2988,1
2989,0
2990,1
2991,0
2992,1
2993,0
2994,1
2995,0
2996,1
2997,1
2998,1
2999,1
3000,1
3001,0
3002,0
3003,1
3004,1
3005,0
3006,0
3007,1
3008,0
3009,1
3010,1
3011,1
3012,1
3013,0
3014,1
3015,0
3016,1
3017,0
3018,0
3019,1
3020,1
3021,1
3022,1
3023,0
3024,1
3025,1
3026,1
3027,1
3028,1
3029,0
3030,0
3031,1
3032,0
3033,0
3034,1
3035,1
3036,0
3037,1
3038,1
3039,1
3040,1
3041,1
3042,0
3043,1
3044,1
3045,0
3046,1
3047,1
3048,1
3049,1
3050,1
3051,1
3052,0
3053,1
3054,1
3055,0
3056,1
3057,1
3058,0
3059,1
3060,1
3061,0
3062,1
3063,1
3064,1
3065,1
3066,0
3067,0
3068,0
3069,1
3070,0
3071,0
3072,1
3073,1
3074,1
3075,1
3076,1
3077,1
3078,1
3079,1
3080,0
3081,1
3082,1
3083,0
3084,0
3085,1
3086,1
3087,1
3088,1
3089,1
3090,1
3091,1
3092,0
3093,0
3094,0
3095,1
3096,0
3097,1
3098,1
3099,0
3100,0
3101,0
3102,1
3103,1
3104,0
3105,1
3106,1
3107,1
3108,1
3109,1
3110,1
3111,1
3112,1
3113,0
3114,1
3115,1
3116,1
3117,1
3118,1
3119,1
3120,1
3121,0
3122,1
3123,1
3124,1
3125,1
3126,1
3127,1
3128,1
3129,1
3130,1
3131,1
3132,0
3133,1
3134,0
3135,1
3136,0
3137,1
3138,1
3139,1
3140,1
3141,1
3142,0
3143,1
3144,0
3145,1
3146,1
3147,1
3148,1
3149,0
3150,1
3151,1
3152,1
3153,1
3154,0
3155,1
3156,1
3157,1
3158,0
3159,1
3160,1
3161,1
3162,1
3163,1
3164,0
3165,1
3166,1
3167,0
3168,0
3169,1
3170,1
3171,1
3172,1
3173,1
3174,1
3175,1
3176,0
3177,1
3178,1
3179,0
3180,1
3181,1
3182,1
3183,1
3184,0
3185,0
3186,0
3187,0
3188,1
3189,1
3190,0
3191,1
3192,1
3193,0
3194,1
3195,0
3196,0
3197,1
3198,1
3199,0
3200,1
3201,1
3202,0
3203,1
3204,0
3205,0
3206,1
3207,1
3208,0
3209,0
3210,1
3211,1
3212,1
3213,1
3214,1
3215,0
3216,0
3217,1
3218,1
3219,1
3220,1
3221,0
3222,1
3223,1
3224,1
3225,1
3226,1
3227,1
3228,0
3229,1
3230,1
3231,1
3232,0
3233,1
3234,1
3235,0
3236,1
3237,1
3238,1
3239,1
3240,1
3241,0
3242,0
3243,1
3244,1
3245,1
3246,1
3247,1
3248,1
3249,1
3250,1
3251,1
3252,1
3253,1
3254,1
3255,1
3256,1
3257,1
3258,1
3259,1
3260,1
3261,1
3262,1
3263,1
3264,1
3265,0
3266,0
3267,0
3268,1
3269,0
3270,1
3271,1
3272,1
3273,1
3274,1
3275,0
3276,0
3277,1
3278,0
3279,1
3280,1
3281,1
3282,0
3283,1
3284,0
3285,1
3286,0
3287,0
3288,1
3289,1
3290,1
3291,0
3292,1
3293,0
3294,1
3295,0
3296,1
3297,1
3298,1
3299,1
3300,1
3301,0
3302,1
3303,0
3304,0
3305,1
3306,0
3307,1
3308,1
3309,1
3310,1
3311,1
3312,1
3313,0
3314,1
3315,1
3316,0
3317,1
3318,0
3319,1
3320,1
3321,1
3322,1
3323,1
3324,1
3325,1
3326,1
3327,0
3328,1
3329,1
3330,1
3331,1
3332,1
3333,1
3334,1
3335,1
3336,1
3337,1
3338,0
3339,1
3340,1
3341,0
3342,0
3343,1
3344,1
3345,0
3346,1
3347,1
3348,1
3349,1
3350,1
3351,0
3352,1
3353,0
3354,1
3355,1
3356,1
3357,0
3358,0
3359,0
3360,0
3361,1
3362,0
3363,0
3364,0
3365,1
3366,0
3367,1
3368,1
3369,1
3370,1
3371,1
3372,0
3373,1
3374,1
3375,1
3376,0
3377,0
3378,0
3379,1
3380,1
3381,1
3382,1
3383,1
3384,0
3385,1
3386,0
3387,1
3388,1
3389,0
3390,1
3391,1
3392,1
3393,1
3394,1
3395,1
3396,1
3397,1
3398,1
3399,1
3400,0
3401,1
3402,1
3403,0
3404,0
3405,1
3406,1
3407,0
3408,1
3409,0
3410,0
3411,1
3412,0
3413,1
3414,1
3415,0
3416,1
3417,0
3418,1
3419,1
3420,1
3421,1
3422,0
3423,1
3424,0
3425,1
3426,0
3427,1
3428,1
3429,0
3430,1
3431,0
3432,0
3433,1
3434,0
3435,1
3436,0
3437,1
3438,1
3439,1
3440,1
3441,0
3442,0
3443,1
3444,0
3445,0
3446,1
3447,1
3448,1
3449,1
3450,0
3451,0
3452,1
3453,1
3454,1
3455,1
3456,0
3457,1
3458,1
3459,0
3460,1
3461,1
3462,1
3463,1
3464,0
3465,1
3466,1
3467,1
3468,1
3469,0
3470,1
3471,1
3472,1
3473,1
3474,1
3475,1
3476,0
3477,1
3478,0
3479,0
3480,1
3481,1
3482,1
3483,1
3484,1
3485,1
3486,1
3487,0
3488,0
3489,1
3490,1
3491,1
3492,1
3493,0
3494,1
3495,1
3496,1
3497,0
3498,1
3499,1
3500,0
3501,1
3502,0
3503,1
3504,1
3505,1
3506,1
3507,0
3508,0
3509,1
3510,1
3511,1
3512,1
3513,0
3514,1
3515,1
3516,1
3517,1
3518,1
3519,1
3520,0
3521,1
3522,1
3523,0
3524,0
3525,0
3526,1
3527,0
3528,0
3529,0
3530,0
3531,0
3532,1
3533,1
3534,1
3535,0
3536,0
3537,0
3538,1
3539,1
3540,0
3541,0
3542,0
3543,0
3544,1
3545,1
3546,1
3547,1
3548,1
3549,0
3550,1
3551,1
3552,1
3553,1
3554,0
3555,1
3556,1
3557,0
3558,1
3559,0
3560,1
3561,1
3562,1
3563,0
3564,0
3565,1
3566,1
3567,1
3568,0
3569,0
3570,0
3571,1
3572,1
3573,0
3574,1
3575,1
3576,1
3577,1
3578,0
3579,0
3580,1
3581,1
3582,1
3583,0
3584,1
3585,0
3586,1
3587,1
3588,1
3589,1
3590,1
3591,0
3592,1
3593,1
3594,1
3595,1
3596,1
3597,0
3598,0
3599,1
3600,0
3601,1
3602,1
3603,0
3604,1
3605,1
3606,1
3607,1
3608,0
3609,1
3610,1
3611,1
3612,1
3613,1
3614,1
3615,0
3616,0
3617,1
3618,0
3619,1
3620,1
3621,1
3622,1
3623,1
3624,1
3625,0
3626,1
3627,0
3628,1
3629,1
3630,1
3631,1
3632,0
3633,1
3634,1
3635,1
3636,1
3637,1
3638,1
3639,1
3640,1
3641,0
3642,1
3643,1
3644,1
3645,0
3646,1
3647,1
3648,1
3649,1
3650,0
3651,1
3652,0
3653,1
3654,0
3655,0
3656,0
3657,0
3658,0
3659,1
3660,1
3661,1
3662,1
3663,1
3664,1
3665,1
3666,1
3667,1
3668,1
3669,1
3670,1
3671,1
3672,1
3673,1
3674,1
3675,1
3676,1
3677,1
3678,0
3679,1
3680,1
3681,0
3682,1
3683,0
3684,1
3685,1
3686,1
3687,1
3688,1
3689,0
3690,1
3691,1
3692,0
3693,1
3694,1
3695,0
3696,1
3697,1
3698,0
3699,1
3700,0
3701,0
3702,1
3703,0
3704,0
3705,1
3706,0
3707,0
3708,1
3709,1
3710,1
3711,1
3712,0
3713,1
3714,0
3715,1
3716,0
3717,1
3718,1
3719,0
3720,1
3721,1
3722,1
3723,1
3724,1
3725,0
3726,1
3727,0
3728,0
3729,1
3730,0
3731,1
3732,1
3733,1
3734,1
3735,1
3736,1
3737,1
3738,1
3739,1
3740,1
3741,0
3742,1
3743,1
3744,0
3745,0
3746,1
3747,0
3748,1
3749,1
3750,1
3751,1
3752,1
3753,0
3754,1
3755,1
3756,1
3757,0
3758,0
3759,1
3760,1
3761,1
3762,0
3763,0
3764,1
3765,1
3766,1
3767,1
3768,1
3769,1
3770,0
3771,1
3772,1
3773,0
3774,0
3775,1
3776,0
3777,1
3778,0
3779,0
3780,0
3781,1
3782,0
3783,1
3784,1
3785,1
3786,1
3787,1
3788,0
3789,1
3790,1
3791,1
3792,0
3793,0
3794,1
3795,1
3796,0
3797,0
3798,1
3799,0
3800,1
3801,0
3802,1
3803,0
3804,1
3805,0
3806,1
3807,1
3808,1
3809,0
3810,0
3811,1
3812,1
3813,0
3814,0
3815,0
3816,1
3817,1
3818,1
3819,1
3820,1
3821,1
3822,1
3823,1
3824,0
3825,1
3826,1
3827,1
3828,0
3829,0
3830,1
3831,0
3832,0
3833,1
3834,1
3835,1
3836,1
3837,1
3838,1
3839,1
3840,0
3841,0
3842,1
3843,1
3844,0
3845,0
3846,0
3847,1
3848,0
3849,0
3850,0
3851,1
3852,0
3853,1
3854,0
3855,1
3856,0
3857,1
3858,1
3859,1
3860,1
3861,0
3862,0
3863,1
3864,1
3865,1
3866,0
3867,1
3868,0
3869,1
3870,1
3871,0
3872,0
3873,1
3874,1
3875,1
3876,0
3877,1
3878,1
3879,1
3880,1
3881,1
3882,1
3883,0
3884,1
3885,1
3886,1
3887,1
3888,1
3889,1
3890,1
3891,0
3892,0
3893,1
3894,0
3895,1
3896,0
3897,1
3898,1
3899,1
3900,1
3901,0
3902,0
3903,1
3904,1
3905,1
3906,0
3907,1
3908,0
3909,1
3910,0
3911,0
3912,1
3913,1
3914,1
3915,0
3916,1
3917,0
3918,0
3919,1
3920,0
3921,1
3922,0
3923,0
3924,1
3925,1
3926,1
3927,1
3928,1
3929,1
3930,0
3931,1
3932,1
3933,1
3934,0
3935,1
3936,1
3937,1
3938,0
3939,1
3940,0
3941,1
3942,1
3943,0
3944,1
3945,1
3946,0
3947,0
3948,1
3949,1
3950,1
3951,1
3952,0
3953,1
3954,1
3955,1
3956,1
3957,1
3958,1
3959,1
3960,1
3961,1
3962,1
3963,1
3964,0
3965,1
3966,0
3967,1
3968,1
3969,1
3970,0
3971,1
3972,0
3973,0
3974,1
3975,1
3976,0
3977,1
3978,0
3979,1
3980,0
3981,1
3982,1
3983,1
3984,1
3985,0
3986,1
3987,0
3988,0
3989,1
3990,0
3991,0
3992,0
3993,0
3994,1
3995,1
3996,1
3997,1
3998,1
3999,1
4000,1
4001,1
4002,0
4003,1
4004,1
4005,0
4006,0
4007,1
4008,1
4009,1
4010,1
4011,1
4012,1
4013,1
4014,1
4015,1
4016,0
4017,1
4018,1
4019,1
4020,1
4021,0
4022,0
4023,1
4024,1
4025,1
4026,1
4027,1
4028,0
4029,0
4030,1
4031,1
4032,1
4033,0
4034,1
4035,1
4036,0
4037,1
4038,1
4039,0
4040,0
4041,1
4042,1
4043,1
4044,0
4045,1
4046,0
4047,1
4048,1
4049,1
4050,1
4051,1
4052,1
4053,0
4054,1
4055,0
4056,0
4057,1
4058,1
4059,0
4060,1
4061,1
4062,1
4063,0
4064,0
4065,1
4066,1
4067,0
4068,1
4069,1
4070,1
4071,0
4072,1
4073,1
4074,1
4075,1
4076,1
4077,1
4078,1
4079,0
4080,1
4081,1
4082,0
4083,1
4084,1
4085,0
4086,0
4087,1
4088,0
4089,1
4090,1
4091,1
4092,0
4093,0
4094,0
4095,0
4096,1
4097,1
4098,1
4099,1
4100,1
4101,1
4102,1
4103,1
4104,1
4105,1
4106,1
4107,1
4108,0
4109,0
4110,0
4111,1
4112,1
4113,1
4114,1
4115,1
4116,0
4117,0
4118,1
4119,0
4120,1
4121,0
4122,0
4123,1
4124,1
4125,0
4126,1
4127,1
4128,1
4129,1
4130,1
4131,0
4132,0
4133,1
4134,1
4135,1
4136,1
4137,1
4138,1
4139,1
4140,1
4141,0
4142,1
4143,0
4144,1
4145,1
4146,0
4147,1
4148,0
4149,1
4150,1
4151,0
4152,1
4153,1
4154,0
4155,1
4156,1
4157,1
4158,1
4159,1
4160,0
4161,1
4162,1
4163,1
4164,1
4165,1
4166,0
4167,1
4168,0
4169,1
4170,1
4171,1
4172,0
4173,1
4174,1
4175,0
4176,1
4177,1
4178,1
4179,1
4180,1
4181,1
4182,1
4183,1
4184,1
4185,1
4186,1
4187,1
4188,1
4189,0
4190,1
4191,1
4192,1
4193,1
4194,1
4195,1
4196,1
4197,1
4198,0
4199,1
4200,1
4201,1
4202,0
4203,1
4204,1
4205,1
4206,1
4207,1
4208,1
4209,1
4210,1
4211,1
4212,0
4213,1
4214,1
4215,0
4216,1
4217,1
4218,1
4219,0
4220,1
4221,1
4222,0
4223,1
4224,1
4225,1
4226,1
4227,1
4228,1
4229,1
4230,1
4231,1
4232,1
4233,1
4234,1
4235,1
4236,1
4237,0
4238,1
4239,0
4240,1
4241,1
4242,1
4243,1
4244,0
4245,1
4246,1
4247,0
4248,1
4249,0
4250,0
4251,1
4252,1
4253,1
4254,1
4255,1
4256,1
4257,0
4258,0
4259,0
4260,1
4261,1
4262,1
4263,1
4264,1
4265,1
4266,0
4267,1
4268,1
4269,0
4270,1
4271,1
4272,1
4273,1
4274,1
4275,1
4276,1
4277,1
4278,1
4279,1
4280,1
4281,0
4282,1
4283,0
4284,1
4285,1
4286,1
4287,1
4288,1
4289,1
4290,1
4291,0
4292,1
4293,0
4294,1
4295,1
4296,0
4297,0
4298,0
4299,1
4300,1
4301,1
4302,1
4303,1
4304,1
4305,1
4306,0
4307,1
4308,1
4309,1
4310,0
4311,1
4312,1
4313,1
4314,1
4315,1
4316,0
4317,1
4318,0
4319,0
4320,1
4321,1
4322,0
4323,1
4324,0
4325,1
4326,1
4327,1
4328,1
4329,1
4330,1
4331,1
4332,1
4333,0
4334,1
4335,1
4336,1
4337,1
4338,1
4339,1
4340,1
4341,1
4342,1
4343,1
4344,0
4345,1
4346,0
4347,1
4348,1
4349,0
4350,1
4351,1
4352,1
4353,1
4354,0
4355,0
4356,1
4357,0
4358,1
4359,1
4360,1
4361,0
4362,1
4363,1
4364,1
4365,0
4366,1
4367,1
4368,1
4369,1
4370,0
4371,0
4372,1
4373,1
4374,1
4375,1
4376,1
4377,1
4378,1
4379,1
4380,0
4381,1
4382,0
4383,1
4384,1
4385,1
4386,0
4387,0
4388,1
4389,1
4390,1
4391,1
4392,1
4393,0
4394,1
4395,0
4396,0
4397,1
4398,1
4399,0
4400,1
4401,1
4402,0
4403,1
4404,0
4405,1
4406,0
4407,1
4408,1
4409,1
4410,1
4411,0
4412,0
4413,1
4414,1
4415,1
4416,0
4417,1
4418,1
4419,1
4420,0
4421,1
4422,0
4423,1
4424,0
4425,1
4426,1
4427,0
4428,1
4429,1
4430,1
4431,1
4432,1
4433,0
4434,1
4435,1
4436,0
4437,1
4438,0
4439,1
4440,0
4441,1
4442,1
4443,0
4444,1
4445,0
4446,1
4447,1
4448,1
4449,1
4450,0
4451,1
4452,0
4453,1
4454,1
4455,0
4456,1
4457,1
4458,1
4459,1
4460,0
4461,1
4462,1
4463,1
4464,0
4465,1
4466,1
4467,0
4468,1
4469,1
4470,1
4471,1
4472,1
4473,0
4474,1
4475,0
4476,1
4477,1
4478,1
4479,1
4480,0
4481,1
4482,1
4483,1
4484,1
4485,1
4486,0
4487,1
4488,1
4489,1
4490,1
4491,1
4492,0
4493,1
4494,1
4495,0
4496,1
4497,1
4498,1
4499,0
4500,0
4501,1
4502,1
4503,0
4504,1
4505,0
4506,1
4507,0
4508,1
4509,1
4510,0
4511,0
4512,1
4513,0
4514,0
4515,1
4516,1
4517,1
4518,0
4519,1
4520,1
4521,1
4522,1
4523,1
4524,0
4525,0
4526,1
4527,0
4528,1
4529,1
4530,1
4531,1
4532,1
4533,1
4534,1
4535,1
4536,0
4537,0
4538,0
4539,0
4540,0
4541,1
4542,1
4543,0
4544,1
4545,1
4546,1
4547,0
4548,1
4549,1
4550,1
4551,0
4552,1
4553,0
4554,1
4555,0
4556,1
4557,0
4558,0
4559,0
4560,1
4561,0
4562,1
4563,1
4564,0
4565,1
4566,1
4567,1
4568,1
4569,0
4570,0
4571,1
4572,0
4573,1
4574,0
4575,1
4576,0
4577,1
4578,1
4579,1
4580,1
4581,1
4582,1
4583,1
4584,1
4585,1
4586,1
4587,1
4588,1
4589,0
4590,0
4591,0
4592,0
4593,0
4594,0
4595,1
4596,1
4597,0
4598,0
4599,1
4600,1
4601,0
4602,0
4603,1
4604,0
4605,1
4606,1
4607,1
4608,1
4609,0
4610,0
4611,1
4612,1
4613,1
4614,1
4615,0
4616,1
4617,1
4618,1
4619,1
4620,1
4621,1
4622,1
4623,1
4624,1
4625,1
4626,1
4627,1
4628,1
4629,1
4630,0
4631,1
4632,1
4633,1
4634,0
4635,1
4636,1
4637,1
4638,1
4639,0
4640,0
4641,1
4642,1
4643,0
4644,1
4645,0
4646,1
4647,1
4648,1
4649,1
4650,1
4651,1
4652,0
4653,1
4654,0
4655,1
4656,0
4657,1
4658,1
4659,0
4660,1
4661,1
4662,1
4663,1
4664,0
4665,0
4666,0
4667,0
4668,1
4669,1
4670,1
4671,0
4672,0
4673,1
4674,1
4675,0
4676,1
4677,0
4678,0
4679,1
4680,1
4681,0
4682,0
4683,1
4684,1
4685,1
4686,1
4687,0
4688,0
4689,1
4690,0
4691,1
4692,1
4693,1
4694,1
4695,1
4696,1
4697,0
4698,1
4699,0
4700,1
4701,0
4702,1
4703,1
4704,1
4705,1
4706,1
4707,0
4708,1
4709,1
4710,0
4711,1
4712,1
4713,1
4714,1
4715,0
4716,1
4717,0
4718,1
4719,0
4720,1
4721,1
4722,1
4723,1
4724,0
4725,1
4726,0
4727,0
4728,0
4729,1
4730,0
4731,1
4732,1
4733,1
4734,1
4735,0
4736,1
4737,1
4738,0
4739,0
4740,1
4741,1
4742,1
4743,1
4744,0
4745,0
4746,1
4747,1
4748,1
4749,0
4750,1
4751,1
4752,1
4753,1
4754,1
4755,0
4756,1
4757,0
4758,0
4759,0
4760,1
4761,1
4762,1
4763,1
4764,1
4765,1
4766,0
4767,1
4768,1
4769,1
4770,1
4771,1
4772,0
4773,0
4774,1
4775,1
4776,1
4777,1
4778,0
4779,0
4780,1
4781,1
4782,1
4783,0
4784,0
4785,1
4786,0
4787,0
4788,1
4789,0
4790,1
4791,0
4792,1
4793,0
4794,1
4795,1
4796,0
4797,0
4798,1
4799,1
4800,0
4801,1
4802,0
4803,0
4804,1
4805,1
4806,0
4807,1
4808,0
4809,1
4810,0
4811,1
4812,1
4813,0
4814,0
4815,0
4816,1
4817,1
4818,1
4819,0
4820,0
4821,0
4822,1
4823,0
4824,1
4825,0
4826,1
4827,1
4828,1
4829,1
4830,1
4831,1
4832,1
4833,1
4834,1
4835,0
4836,1
4837,1
4838,1
4839,1
4840,0
4841,0
4842,0
4843,1
4844,0
4845,0
4846,1
4847,0
4848,1
4849,1
4850,1
4851,1
4852,1
4853,1
4854,1
4855,1
4856,0
4857,0
4858,1
4859,1
4860,1
4861,0
4862,1
4863,0
4864,1
4865,1
4866,1
4867,1
4868,1
4869,1
4870,1
4871,1
4872,1
4873,1
4874,1
4875,1
4876,1
4877,1
4878,0
4879,0
4880,1
4881,1
4882,0
4883,1
4884,1
4885,1
4886,1
4887,0
4888,1
4889,1
4890,0
4891,1
4892,1
4893,1
4894,1
4895,0
4896,0
4897,1
4898,1
4899,1
4900,1
4901,1
4902,1
4903,0
4904,1
4905,1
4906,0
4907,1
4908,1
4909,1
4910,0
4911,1
4912,1
4913,1
4914,1
4915,1
4916,1
4917,1
4918,1
4919,1
4920,0
4921,1
4922,0
4923,1
4924,1
4925,1
4926,0
4927,1
4928,0
4929,1
4930,1
4931,1
4932,0
4933,1
4934,1
4935,1
4936,1
4937,0
4938,1
4939,1
4940,1
4941,1
4942,0
4943,1
4944,1
4945,1
4946,1
4947,1
4948,0
4949,1
4950,1
4951,1
4952,1
4953,1
4954,1
4955,1
4956,1
4957,0
4958,1
4959,0
4960,1
4961,1
4962,1
4963,1
4964,1
4965,1
4966,1
4967,1
4968,0
4969,0
4970,1
4971,1
4972,1
4973,0
4974,1
4975,1
4976,0
4977,0
4978,1
4979,1
4980,1
4981,1
4982,0
4983,1
4984,0
4985,1
4986,0
4987,1
4988,1
4989,0
4990,1
4991,0
4992,0
4993,1
4994,0
4995,1
4996,1
4997,0
4998,1
4999,1
